AID,DSN,RegID,Name,Creation Date,ASSAY_DB_ID
434959,Broad Institute,2006-01_INHIBITORS_SINGLE-POINT_BROAD-HTS,Fluorescence Cell-Based Primary HTS to Measure Inhibition of Y box Binding Protein 1 Expression,6/2/2010,CBIP:2006-01
2240,Broad Institute,2007-01_INHIBITORS_SINGLE-POINT_BROAD-HTS,Luminescence Cell-Based Primary HTS to Identify Inhibitors of MITF,1/12/2010,CBIP:2007-01
2241,Broad Institute,2011-01_INHIBITORS_SINGLE-POINT_BROAD-HTS,Luminescence Cell-Based Primary HTS to Identify Inhibitors of A1,1/12/2010,CBIP:2011-01
1554,Broad Institute,2013-01,MLPCN Ras selective lethality-BJeLR viability,3/17/2009,CBIP:2013-01
1936,Broad Institute,2013-01_SELECTIVELYCYTOTOXIC_DOSE-TITRATION_MLPCN-CHERRYPICK,Luminescence Cell-Based Dose Confirmation HTS to Identify Compounds Cytotoxic to BJeLR RAS-Dependent Fibroblast,9/8/2009,CBIP:2013-01
2275,Broad Institute,2013-01_SELECTIVELYCYTOTOXIC_SINGLE-POINT_BROAD-HTS,Luminescence Cell-Based Primary HTS to Measure Viability of BJeLR cells,1/21/2010,CBIP:2013-01
1662,Broad Institute,2014-01,MLPCN Streptokinase Expression Inhibition,4/6/2009,CBIP:2014-01
1902,Broad Institute,2014-01_INHIBITORS_DOSE-TITRATION_MLPCN-CHERRYPICK,Luminescence Microorganism-Based Dose Confirmation HTS to Identify Inhibitors of Streptokinase Promotor Activity,8/17/2009,CBIP:2014-01
2096,Broad Institute,2015-01_INHIBITORS_DOSE-TITRATION_MLPCN-CHERRYPICK,Luminescence Cell-Based Dose Confirmation HTS to Identify Inhibitors of Polyadenylation.,11/3/2009,CBIP:2015-01
2525,Broad Institute,2015-01_INHIBITORS_DOSE-TITRATION_MLPCN-DRYPOWDER,Luminescence Cell-Based  Dose Confirmation HTS  to Identify Inhibitors of Polyadenylation.,3/12/2010,CBIP:2015-01
2683,Broad Institute,2015-01_INHIBITORS_DOSE-TITRATION_MLPCN-DRYPOWDER_SET2,Luminescence Cell-Based  Dose Confirmation HTS to Identify Inhibitors of Polyadenylation,3/25/2010,CBIP:2015-01
1875,Broad Institute,2015-01-INHIBITORS-SINGLE_POINT-MLPCN_HTS,Luminescence Cell-Based Primary HTS to Identify Inhibitors of Polyadenylation,7/15/2009,CBIP:2015-01
1663,Broad Institute,2016-01,MLPCN Platelet Activation -Dense Granule Release,4/6/2009,CBIP:2016-01
493100,Broad Institute,2016-01_Inhibitor_Dose_DryPowder_Activity,Platelet granule secretion Measured in Cell-Based System Using Plate Reader - 2016-01_Inhibitor_Dose_DryPowder_Activity,1/27/2011,CBIP:2016-01
1889,Broad Institute,2016-01_INHIBITORS_DOSE-TITRATION_MLPCN-CHERRYPICK,Luminescence Cell-Based Dose Confirmation HTS to Identify Inhibitors of Platelet Dense Granule Release,7/27/2009,CBIP:2016-01
2398,Broad Institute,2016-01_INHIBITORS_DOSE-TITRATION_MLPCN-DRY-POWDER,Luminescence Cell-Based Dose Response Followup to Identify Inhibitors of Platelet Dense Granule Release,2/23/2010,CBIP:2016-01
2519,Broad Institute,2016-01_INHIBITORS_DOSE-TITRATION_MLPCN-DRY-POWDER_SET2,Luminescence Cell-Based Dose Response Followup to Identify Inhibitors of Platelet Dense Granule Release.,3/12/2010,CBIP:2016-01
651818,Broad Institute,2017-01_Inhibitor_Dose_CherryPick_Activity_Set3,Intracellular Trypanosomes Measured in Cell-Based/Microorganism System Using Plate Reader - 2017-01_Inhibitor_Dose_CherryPick_Activity_Set3,11/27/2012,CBIP:2017-01
493197,Broad Institute,2017-01_Inhibitor_Dose_DryPowder_Activity_Set3,Intracellular Trypanosomes Measured in Cell-Based/Microorganism System Using Plate Reader - 2017-01_Inhibitor_Dose_DryPowder_Activity_Set3,2/10/2011,CBIP:2017-01
651903,Broad Institute,2017-01_Inhibitor_SinglePoint_HTS_Activity_Set2,Intracellular Trypanosomes Measured in Cell-Based/Microorganism System Using Plate Reader - 2017-01_Inhibitor_SinglePoint_HTS_Activity_Set2,12/11/2012,CBIP:2017-01
2630,Broad Institute,2017-01_INHIBITORS_DOSE_TITRATION_MLPCN-DRYPOWDER_SET2,Luminescence Cell-Based/Microorganism Confirmation at dose of  Inhibitors of T.Cruzi Infection,3/22/2010,CBIP:2017-01
2044,Broad Institute,2017-01_INHIBITORS_DOSE-TITRATION_MLPCN-CHERRYPICK,Luminescence Cell-Based/Microorganism Dose Confirmation HTS to Identify Inhibitors of T.Cruzi Replication.,10/27/2009,CBIP:2017-01
2396,Broad Institute,2017-01_INHIBITORS_DOSE-TITRATION_MLPCN-CHERRYPICK_DRY-POWDER,Luminescence Cell-Based/Microorganism Confirmation at Dose of  Inhibitors of T.Cruzi Infection,2/23/2010,CBIP:2017-01
2294,Broad Institute,2017-01_INHIBITORS_DOSE-TITRATION_MLPCN-CHERRYPICK_LOW-DOSE,Luminescence Cell-Based/Microorganism Primary HTS to Identify Inhibitors of T.Cruzi Infection,1/26/2010,CBIP:2017-01
1885,Broad Institute,2017-01-INHIBITORS-SINGLE_POINT-MLPCN_HTS,Luminescence Cell-Based/Microorganism Primary HTS to Identify Inhibitors of T.Cruzi Replication,7/22/2009,CBIP:2017-01
2313,Broad Institute,2018-01_INHIBITORS_SINGLE-POINT_BROAD-HTS,Luminescence Cell-Based Primary HTS to Identify Inhibitors of the Sonic Hedgehog Signaling Pathway,1/29/2010,CBIP:2018-01
2316,Broad Institute,2020-01_ACTIVATORS_SINGLE-POINT_BROAD-HTS,Luminescence Cell-Based Primary HTS to Identify Activators of the Reversal of PD-1 Mediated Inhibitors of T-Cell Inhibition,2/1/2010,CBIP:2020-01
2330,Broad Institute,2021-01_INHIBITORS_SINGLE-POINT_BROAD-HTS,Luminescence Cell-Based Primary HTS to Identify Inhibitors of STK33,2/3/2010,CBIP:2021-01
1813,Broad Institute,2023-01,MLPCN Alpha-Synuclein 5'UTR - 5'-UTR binding - inhibitors,6/10/2009,CBIP:2023-01
2003,Broad Institute,2023-01_ACTIVATORS_DOSE-TITRATION_MLPCN-CHERRYPICK,Luminescence Cell-Based Dose Confimation HTS to Identify Activators of 5'UTR Stem-Loop Driven Alpha-Synuclein mRNA Translation in H4 Neuroglioblastoma Cells,10/21/2009,CBIP:2023-01
2450,Broad Institute,2023-01_ACTIVATORS_DOSE-TITRATION_MLPCN-CHERRYPICK_LOW-DOSE,Luminescence Cell-Based Dose Confimation to Identify Activators of 5'UTR Stem-Loop Driven Alpha-Synuclein mRNA Translation in H4 Neuroglioblastoma Cells,3/2/2010,CBIP:2023-01
2442,Broad Institute,2023-01_ACTIVATORS_DOSE-TITRATION_MLPCN-DRY-POWDER,Luminescence Cell-Based Dose Retest to Confirm Activators of 5'UTR Stem-Loop Driven Alpha-Synuclein mRNA Translation in H4 Neuroglioblastoma Cells,3/1/2010,CBIP:2023-01
2670,Broad Institute,2023-01_ACTIVATORS_DOSE-TITRATION_MLPCN-DRYPOWDER_SET2,Luminescence Cell Based Dose Confimation HTS to Identify Activators of 5'UTR Stem-Loop Driven Alpha-Synuclein mRNA Translation in H4 Neuroglioblastoma Cells,3/24/2010,CBIP:2023-01
1988,Broad Institute,2023-01_INHIBITORS_DOSE-TITRATION_MLPCN-CHERRYPICK,Luminescence Cell-Based Dose Confimation HTS to Identify Inhibitors of of 5'UTR Stem-Loop Driven Alpha-Synuclein mRNA Translation in H4 Neuroglioblastoma Cells,10/16/2009,CBIP:2023-01
2454,Broad Institute,2023-01_INHIBITORS_DOSE-TITRATION_MLPCN-CHERRYPICK_LOW-DOSE,Luminescence Cell-Based HTS Dose Confimation  to Identify Inhibitors of of 5'UTR Stem-Loop Driven Alpha-Synuclein mRNA Translation in H4 Neuroglioblastoma Cells,3/2/2010,CBIP:2023-01
2460,Broad Institute,2023-01_INHIBITORS_DOSE-TITRATION_MLPCN-DRY-POWDER,Luminescence Cell-Based Dose Confimation HTS to Identify Inhibitors of of 5'UTR Stem-Loop Driven Alpha-Synuclein mRNA Translation in H4 Neuroglioblastoma Cells.,3/3/2010,CBIP:2023-01
2471,Broad Institute,2023-01_INHIBITORS_DOSE-TITRATION_MLPCN-DRY-POWDER_SET2,Luminescence Cell-Based Dose-Confimation HTS to Identify Inhibitors of of 5'UTR Stem-Loop Driven Alpha-Synuclein mRNA Translation in H4 Neuroglioblastoma Cells,3/4/2010,CBIP:2023-01
1814,Broad Institute,2023-01-B,MLPCN Alpha-Synuclein 5'UTR - 5'-UTR binding - activators,6/16/2009,CBIP:2023-01
493250,Broad Institute,2024-01_Inhibitor_Dose_CherryPick_Activity_3,MEX-5 Measured in Biochemical System Using Plate Reader - 2024-01_Inhibitor_Dose_CherryPick_Activity_3,2/17/2011,CBIP:2024-01
1960,Broad Institute,2024-01_INHIBITORS_DOSE-TITRATION_MLPCN-CHERRYPICK,Fluorescent Polarization Homogeneous Dose Response HTS to Indentify Inhibitors of Mex-5 Binding to TCR-2,9/29/2009,CBIP:2024-01
449745,Broad Institute,2024-01_INHIBITORS_DOSE-TITRATION_MLPCN-CHERRYPICK_SET2,Fluorescent Polarization Homogeneous Dose Retest to Confirm Inhibitors of Mex-5 Binding to TCR-2,7/12/2010,CBIP:2024-01
2739,Broad Institute,2024-01_INHIBITORS_DOSE-TITRATION_MLPCN-DRYPOWDER,Fluorescent Polarization Homogeneous Dose Response to Indentify Inhibitors of Mex-5 Binding to TCR-2,4/1/2010,CBIP:2024-01
1832,Broad Institute,2024-01-A,MLPCN maternal gene expression-MEX-5 TCR-2 binding assay-Primary Screen,6/25/2009,CBIP:2024-01
2322,Broad Institute,2029-01_ INHIBITORS_SINGLE-POINT_BROAD-HTS,Luminescence Homogenous Primary HTS to Identify Inhibitors of STK33 Activity,2/1/2010,CBIP:2029-01
504588,Broad Institute,2030-01_Activator_Dose_DryPowder_Activity_Set10,Hypoxia inducible factor pathway Measured in Cell-Based System Using Plate Reader - 2030-01_Activator_Dose_DryPowder_Activity_Set10,3/28/2011,CBIP:2030-01
488805,Broad Institute,2030-01_Activator_Dose_DryPowder_Activity_Set2,Hypoxia inducible factor pathway Measured in Cell-Based System Using Plate Reader - 2030-01_Activator_Dose_DryPowder_Activity_Set2,10/18/2010,CBIP:2030-01
493180,Broad Institute,2030-01_Activator_Dose_DryPowder_Activity_Set3,Hypoxia inducible factor pathway Measured in Cell-Based System Using Plate Reader - 2030-01_Activator_Dose_DryPowder_Activity_Set3,2/10/2011,CBIP:2030-01
493193,Broad Institute,2030-01_Activator_Dose_DryPowder_Activity_Set4,Hypoxia inducible factor pathway Measured in Cell-Based System Using Plate Reader - 2030-01_Activator_Dose_DryPowder_Activity_Set4,2/10/2011,CBIP:2030-01
493195,Broad Institute,2030-01_Activator_Dose_DryPowder_Activity_Set6,Hypoxia inducible factor pathway Measured in Cell-Based System Using Plate Reader - 2030-01_Activator_Dose_DryPowder_Activity_Set6,2/10/2011,CBIP:2030-01
493235,Broad Institute,2030-01_Activator_Dose_DryPowder_Activity_Set7,Hypoxia inducible factor pathway Measured in Cell-Based System Using Plate Reader - 2030-01_Activator_Dose_DryPowder_Activity_Set7,2/16/2011,CBIP:2030-01
493227,Broad Institute,2030-01_Activator_Dose_DryPowder_Activity_Set8,Hypoxia inducible factor pathway Measured in Cell-Based System Using Plate Reader - 2030-01_Activator_Dose_DryPowder_Activity_Set8,2/15/2011,CBIP:2030-01
504597,Broad Institute,2030-01_Activator_Dose_DryPowder_Activity_Set9,Hypoxia inducible factor pathway Measured in Cell-Based System Using Plate Reader - 2030-01_Activator_Dose_DryPowder_Activity_Set9,3/28/2011,CBIP:2030-01
493249,Broad Institute,2030-01_Activator_Dose_DryPowder_Toxicity_Set7,Hypoxia inducible factor pathway Measured in Cell-Based System Using Plate Reader - 2030-01_Activator_Dose_DryPowder_Toxicity_Set7,2/17/2011,CBIP:2030-01
2089,Broad Institute,2030-01_ACTIVATORS_DOSE-TITRATION_MLPCN-CHERRYPICK,Luminescence Cell-Based Confirmation at Dose  to Identify Transcriptional Activators of Hypoxia-Inducible Factor Pathway,10/30/2009,CBIP:2030-01
1910,Broad Institute,2030-01-ACTIVATORS-SINGLE_POINT-MLPCN_HTS,Luminescence Cell-Based Primary HTS to Identify Transcriptional Activators of Hypoxia-Inducible Factor Pathway,8/26/2009,CBIP:2030-01
488788,Broad Institute,2034-01_Inhibitor_Dose_CherryPick,Ras-converting Enzyme/Cell Proliferation Pathway Measured in Biochemical System Using Plate Reader - 2034-01_Inhibitor_Dose_CherryPick,10/14/2010,CBIP:2034-01
588851,Broad Institute,2034-01_Inhibitor_Dose_DryPowder_Activity,Ras-converting Enzyme/Cell Proliferation Pathway Measured in Biochemical System Using Plate Reader - 2034-01_Inhibitor_Dose_DryPowder_Activity,12/5/2011,CBIP:2034-01
2618,Broad Institute,2034-01_INHIBITORS,Summary of Broad Institute MLPCN Ras Converting Enzyme Project,3/19/2010,CBIP:2034-01
2563,Broad Institute,2034-01_INHIBITORS_SINGLE-POINT_MLPCN-HTS,Fluorescence Cell-Free Homogenous Primary HTS  to Identify Inhibitors of the Ras-converting Enzyme,3/16/2010,CBIP:2034-01
493063,Broad Institute,2035-01_Inhibitor_DoseNoFile_DryPowder_Activity,"Quorum Sensing, LuxS, LuxPQ Measured in Microorganism System Using Plate Reader - 2035-01_Inhibitor_DoseNoFile_DryPowder_Activity",1/24/2011,CBIP:2035-01
493072,Broad Institute,2035-01_Inhibitor_DoseNoFile_DryPowder_Activity_Set2,"Quorum Sensing, LuxS, LuxPQ Measured in Microorganism System Using Plate Reader - 2035-01_Inhibitor_DoseNoFile_DryPowder_Activity_Set2",1/24/2011,CBIP:2035-01
493075,Broad Institute,2035-01_Inhibitor_DoseNoFile_DryPowder_Activity_Set3,"Quorum Sensing, LuxS, LuxPQ Measured in Microorganism System Using Plate Reader - 2035-01_Inhibitor_DoseNoFile_DryPowder_Activity_Set3",1/24/2011,CBIP:2035-01
493101,Broad Institute,2035-01_Inhibitor_DoseNoFile_DryPowder_Activity_Set4,"Quorum Sensing, LuxS, LuxPQ Measured in Microorganism System Using Plate Reader - 2035-01_Inhibitor_DoseNoFile_DryPowder_Activity_Set4",1/27/2011,CBIP:2035-01
2106,Broad Institute,2035-01_Modulators,Broad Institute MLPCN Quorum Sensing Project,11/5/2009,CBIP:2035-01
2724,Broad Institute,2035-01_MODULATORS_DOSE-TITRATION_MLPCN-CHERRYPICK,Luminescence Microorganism-Based Dose Retest to Identify Modulators of the AI-2 Quorum Sensing System,3/31/2010,CBIP:2035-01
2725,Broad Institute,2035-01_MODULATORS_DOSE-TITRATION_MLPCN-CHERRYPICK_VIABILITY,Absorbance Microorganism-Based Dose Retest to Identify Inhibitors of Vibrio harveyi,3/31/2010,CBIP:2035-01
2736,Broad Institute,2035-01_MODULATORS_SINGLE-POINT_MLPCN-CHERRYPICK,Luminescence Microorganism-Based Retest to Identify Modulators of the AI-2 Quorum Sensing System,3/31/2010,CBIP:2035-01
2726,Broad Institute,2035-01_MODULATORS_SINGLE-POINT_MLPCN-CHERRYPICK_VIABILITY,Absorbance  Microorganism-Based Retest to Identify Inhibitors of Vibrio harveyi,3/31/2010,CBIP:2035-01
2094,Broad Institute,2035-01_MODULATORS_SINGLE-POINT_MLPCN-HTS,Plate Read Microorganism-Based Primary HTS to Identify Modulators of the AI-2 Quorum Sensing System,11/2/2009,CBIP:2035-01
488836,Broad Institute,2037-01_Inhibitor_Dose_DryPowder_Activity,Reversing Antifungal Drug Resistance Measured in Microorganism System Using Plate Reader - 2037-01_Inhibitor_Dose_DryPowder_Activity,10/20/2010,CBIP:2037-01
488930,Broad Institute,2037-01_Inhibitor_Dose_DryPowder_Activity_Set2,Reversing Antifungal Drug Resistance Measured in Microorganism System Using Plate Reader - 2037-01_Inhibitor_Dose_DryPowder_Activity_Set2,10/26/2010,CBIP:2037-01
488907,Broad Institute,2037-01_Inhibitor_Dose_DryPowder_Activity_Set3,Reversing Antifungal Drug Resistance Measured in Microorganism System Using Plate Reader - 2037-01_Inhibitor_Dose_DryPowder_Activity_Set3,10/26/2010,CBIP:2037-01
488943,Broad Institute,2037-01_Inhibitor_Dose_DryPowder_Activity_Set4,Reversing Antifungal Drug Resistance Measured in Microorganism System Using Plate Reader - 2037-01_Inhibitor_Dose_DryPowder_Activity_Set4,10/27/2010,CBIP:2037-01
2007,Broad Institute,2037-01_INHIBITORS,Summary of Broad Institute MLPCN Reversing Antifungal Drug Resistance Project.,10/22/2009,CBIP:2037-01
2467,Broad Institute,2037-01_INHIBITORS_DOSE-TITRATION_MLPCN-CHERRYPICK,Fluorescence Cell-Based Retest of C. albicans Growth in the Presence of Fluconazole,3/3/2010,CBIP:2037-01
434930,Broad Institute,2037-01_INHIBITORS_DOSE-TITRATION_MLPCN-DRYPOWDER,Fluorescence Cell-Based Retest of C. albicans growth in the presence of fluconazole and compound,5/20/2010,CBIP:2037-01
1979,Broad Institute,2037-01_INHIBITORS_SINGLE-POINT_MLPCN-HTS,Fluorescence Cell-Based Primary HTS of C.albicans growth in the presence of Fluconazole and compound,10/14/2009,CBIP:2037-01
493048,Broad Institute,2041-01_Inhibitor_Dose_DryPowder_Activity,RanGTP-Importin-beta complex Measured in Biochemical System Using Plate Reader - 2041-01_Inhibitor_Dose_DryPowder_Activity,1/20/2011,CBIP:2041-01
2222,Broad Institute,2041-01_INHIBITORS,Summary of Broad Institute MLPCN RanGTP-Importin-beta Complex Inhibition Project,12/21/2009,CBIP:2041-01
2823,Broad Institute,2041-01_INHIBITORS_DOSE-TITRATION_MLPCN-CHERYPICK,Fluorescence Cell-Free Homogeneous Dose Retest to Identify Inhibitors of the RanGTP-Importin-beta complex,5/10/2010,CBIP:2041-01
434961,Broad Institute,2041-01_INHIBITORS_SINGLE-POINT_DOS-HTS,Fluorescence Cell-Free Homogeneous Primary HTS to Identify Inhibitors of the RanGTP-Importin-beta Complex,6/3/2010,CBIP:2041-01
2216,Broad Institute,2041-01_INHIBITORS_SINGLE-POINT_MLPCN-HTS,Fluorescence Cell-Free Homogeneous Primary HTS to Identify Inhibitors of the RanGTP-Importin-beta complex,12/17/2009,CBIP:2041-01
488835,Broad Institute,2043-01_Inhibitor_Dose_CherryPick_Activity,GASC-1 histone demethylase dose retest Measured in Cell-Free Homogeneous System Using Plate Reader - 2043-01_Inhibitor_Dose_CherryPick_Activity,10/20/2010,CBIP:2043-01
2099,Broad Institute,2043-01_INHIBITORS_SINGLE-POINT _MLPCN-HTS,Fluorescence Biochemical Primary HTS to Identify Inhibitors of GASC-1 Activity,11/5/2009,CBIP:2043-01
624156,Broad Institute,2044-01_Activator_SinglePoint_HTS_Activity,Fluorescence Cell-Based Primary  HTS to Identify Reactive Oxygen Species Inducers in Cancer Cells Measured in Cell-Based System Using Plate Reader and Imaging Combination - 2044-01_Activator_SinglePoint_HTS_Activity,5/16/2012,CBIP:2044-01
504413,Broad Institute,2045-01_Inhibitor_Dose_DryPowder_Activity_3,Inhibitors of A1-dependent Mouse Embryonic Fibroblasts Measured in Cell-Based System Using Plate Reader - 2045-01_Inhibitor_Dose_DryPowder_Activity_3,3/3/2011,CBIP:2045-01
504345,Broad Institute,2045-01_Inhibitor_Dose_DryPowder_Activity_Set2,Inhibitors of A1-dependent Mouse Embryonic Fibroblasts Measured in Cell-Based System Using Plate Reader - 2045-01_Inhibitor_Dose_DryPowder_Activity_Set2,2/23/2011,CBIP:2045-01
488858,Broad Institute,2045-01_Inhibitor_Dose_DryPowder_Activity_Set3,Inhibitors of A1-dependent Mouse Embryonic Fibroblasts Measured in Cell-Based System Using Plate Reader - 2045-01_Inhibitor_Dose_DryPowder_Activity_Set3,10/21/2010,CBIP:2045-01
504347,Broad Institute,2045-01_Inhibitor_Dose_DryPowder_Activity_Set4,Inhibitors of A1-dependent Mouse Embryonic Fibroblasts Measured in Cell-Based System Using Plate Reader - 2045-01_Inhibitor_Dose_DryPowder_Activity_Set4,2/23/2011,CBIP:2045-01
2526,Broad Institute,2045-01_INHIBITORS,Summary of Broad Institute MLPCN A1 Apoptosis Project,3/12/2010,CBIP:2045-01
2765,Broad Institute,2045-01_INHIBITORS_DOSE-TITRATION_MLPCN-CHERRYPICK,Luminescence Cell-Based Dose Retest to Identify Inhibitors of A1 Apoptosis,4/15/2010,CBIP:2045-01
2465,Broad Institute,2045-01_INHIBITORS_SINGLE-POINT_HTS_BROAD,Luminescence Cell-Based Primary HTS to Identify Compounds which Inhibit A1 Apoptosis,3/3/2010,CBIP:2045-01
2462,Broad Institute,2045-01_INHIBITORS_SINGLE-POINT_MLPCN-HTS,Luminescence Cell-Based Primary HTS to Identify Inhibitors of A1 Apoptosis.,3/3/2010,CBIP:2045-01
623998,Broad Institute,2046-01_Inhibitor_Dose_DryPowder_Activity,GSK3beta Measured in Biochemical System Using Plate Reader - 2046-01_Inhibitor_Dose_DryPowder_Activity,4/4/2012,CBIP:2046-01
2097,Broad Institute,2046-01_INHIBITORS_SINGLE-POINT_MLPCN-HTS,Cell-Free Homogeneous Primary HTS to Identify Inhibitors of GSK3beta Activity,11/3/2009,CBIP:2046-01
2223,Broad Institute,2047-01_INHIBITORS,Broad Institute MLPCN  RecA Intein Splicing Activity Inhibition Project,12/23/2009,CBIP:2047-01
2221,Broad Institute,2047-01_INHIBITORS_SINGLE-POINT_MLPCN-HTS,Fluorescence Cell-Free Homogenous Primary HTS to Identify Inhibitors of RecA Intein Splicing Activity,12/18/2009,CBIP:2047-01
2821,Broad Institute,2052-01_INHIBITORS_DOSE-TITRATION_MLPCN-CHERRYPICK,Luminescence Cell-Free Homogenous  Dose Retest to Identify Inhibitors of Serine/Threonine Kinase 33 Activity,5/10/2010,CBIP:2052-01
2689,Broad Institute,2052-01_INHIBITORS_PROJECT,Summary of Broad Institute MLPCN Serine Threonine Kinase 33 Inhibitor Project,3/26/2010,CBIP:2052-01
2661,Broad Institute,2052-01_INHIBITORS_SINGLE-POINT_MLPCN-HTS,Luminescence Cell-Free  Homogenous Primary HTS to Identify Inhibitors of Serine/Threonine  Kinase 33  Activity,3/24/2010,CBIP:2052-01
435023,Broad Institute,2053-01_INHIBITORS_DOSE-TITRATION_MLPCN-CHERRYPICK,Fluorescence Polarization Cell-Free Homogeneous Dose Retest to Confirm Inhibitors of the LANA Histone H2A/H2B Interaction,6/29/2010,CBIP:2053-01
2659,Broad Institute,2053-01_INHIBITORS_PROJECT,Summary of Broad Institute MLPCN Kaposi's Sarcoma Herpes Virus Latent Infection Project,3/24/2010,CBIP:2053-01
2629,Broad Institute,2053-01_INHIBITORS_SINGLE-POINT_MLPCN-HTS,Fluorescence Polarization Cell-Free Homogeneous Primary HTS to Identify Inhibitors of the LANA Histone H2A/H2B Interaction,3/22/2010,CBIP:2053-01
493226,Broad Institute,2058-01_Inhibitor_Dose_DryPowder_Activity_Set2,Luminescence Cell-Based Primary HTS to Identify Inhibitors of Cancer Stem Cells Measured in Cell-Based System Using Plate Reader - 2058-01_Inhibitor_Dose_DryPowder_Activity_Set2,2/15/2011,CBIP:2058-01
493176,Broad Institute,2058-01_Inhibitor_Dose_DryPowder_Activity_Set3,Luminescence Cell-Based Primary HTS to Identify Inhibitors of Cancer Stem Cells Measured in Cell-Based System Using Plate Reader - 2058-01_Inhibitor_Dose_DryPowder_Activity_Set3,2/10/2011,CBIP:2058-01
504449,Broad Institute,2058-01_Inhibitor_Dose_DryPowder_Activity_Set4,Luminescence Cell-Based Primary HTS to Identify Inhibitors of Cancer Stem Cells Measured in Cell-Based System Using Plate Reader - 2058-01_Inhibitor_Dose_DryPowder_Activity_Set4,3/15/2011,CBIP:2058-01
504535,Broad Institute,2058-01_Inhibitor_Dose_DryPowder_Activity_Set5,Luminescence Cell-Based Primary HTS to Identify Inhibitors of Cancer Stem Cells Measured in Cell-Based System Using Plate Reader - 2058-01_Inhibitor_Dose_DryPowder_Activity_Set5,3/23/2011,CBIP:2058-01
504667,Broad Institute,2058-01_Inhibitor_Dose_DryPowder_Activity_Set6,Luminescence Cell-Based Primary HTS to Identify Inhibitors of Cancer Stem Cells Measured in Cell-Based System Using Plate Reader - 2058-01_Inhibitor_Dose_DryPowder_Activity_Set6,4/14/2011,CBIP:2058-01
504788,Broad Institute,2058-01_Inhibitor_Dose_DryPowder_Activity_Set7,Luminescence Cell-Based Primary HTS to Identify Inhibitors of Cancer Stem Cells Measured in Cell-Based System Using Plate Reader - 2058-01_Inhibitor_Dose_DryPowder_Activity_Set7,6/2/2011,CBIP:2058-01
449748,Broad Institute,2058-01_INHIBITORS_DOSE-TITRATION_MLPCN-CHERRYPICK,Luminescence Cell-Based Dose Retest to Confirm Inhibitors of Cancer Stem Cells,7/13/2010,CBIP:2058-01
2721,Broad Institute,2058-01_INHIBITORS_PROJECT,Summary of Broad Institute MLPCN Breast Cancer Stem Cell Toxicity Project,3/30/2010,CBIP:2058-01
2717,Broad Institute,2058-01_INHIBITORS_SINGLE-POINT_MLPCN-HTS,Luminescence Cell-Based Primary HTS to Identify Inhibitors of Cancer Stem Cells,3/29/2010,CBIP:2058-01
463204,Broad Institute,2059-01_INHIBITORS_DOSE-TITRATION_MLPCN-CHERRYPICK,Luminescence  Whole-Organism Dose Retest to Confirm Inhibitors of the SUMOylation Pathway Using a Temperature Sensitive Growth Reversal Mutant Mot1-301,9/7/2010,CBIP:2059-01
2720,Broad Institute,2059-01_INHIBITORS_PROJECT,Summary of Broad Institute MLPCN Small Ubiquitin-related Modifier Pathway Inhibitors Project,3/30/2010,CBIP:2059-01
2716,Broad Institute,2059-01_INHIBITORS_SINGLE-POINT_MLPCN-HTS,Luminescence  Microorganism Primary HTS to Identify Inhibitors of the SUMOylation Pathway Using a Temperature Sensitive Growth Reversal Mutant Mot1-301,3/29/2010,CBIP:2059-01
488844,Broad Institute,2061-01_Inhibitor_Dose_DryPowder_Activity,Detect Cellular ATP-levels in INS-1E Cells Measured in Cell-Based System Using Plate Reader - 2061-01_Inhibitor_Dose_DryPowder_Activity,10/20/2010,CBIP:2061-01
488910,Broad Institute,2061-01_Inhibitor_SinglePoint_HTS_Activity,Detect Cellular ATP-levels in INS-1E Cells Measured in Cell-Based System Using Plate Reader - 2061-01_Inhibitor_SinglePoint_HTS_Activity,10/26/2010,CBIP:2061-01
435007,Broad Institute,2061-01_INHIBITORS,Summary of Broad Institute MLPCN Beta Cell Apoptosis Inhibition Project,6/21/2010,CBIP:2061-01
449756,Broad Institute,2061-01_INHIBITORS_DOSE-TITRATION_MLPCN-CHERRYPICK,Luminescence Cell-Based Dose Retest to Confirm Inhibitors of  Beta Cell Apoptosis,7/19/2010,CBIP:2061-01
435005,Broad Institute,2061-01_INHIBITORS_SINGLE-POINT_MLPCN-HTS,Luminescence Cell-Based Primary HTS to Identify Inhibitors of Beta Cell Apoptosis.,6/18/2010,CBIP:2061-01
2722,Broad Institute,2062-01_INHIBITORS_PROJECT,Summary of Broad Institute Histone Deacetylase 3 Project,3/30/2010,CBIP:2062-01
2718,Broad Institute,2062-01_INHIBITORS_SINGLE-POINT_MLPCN-HTS,Fluorescence Cell-Free Homogeneous Primary HTS to Identify Inhibitors of Histone Deacetylase 3,3/29/2010,CBIP:2062-01
2709,Broad Institute,2063-01_INHIBITORS_PROJECT,Summary of Broad Institute MLPCN Glycogen Synthase Kinase-3 alpha Project,3/26/2010,CBIP:2063-01
2650,Broad Institute,2063-01_INHIBITORS_SINGLE-POINT_MLPCN-HTS,Luminescence Cell-Free  Homogenous Primary HTS to Identify Inhibitors of GSK-3 alpha,3/23/2010,CBIP:2063-01
624151,Broad Institute,2071-01_Activator_SinglePoint_HTS_Activity,Luminescence Cell-Based Primary HTS to Identify Re-Activators of the P53 Mutant Pathway Measured in Cell-Based System Using Plate Reader - 2071-01_Activator_SinglePoint_HTS_Activity,5/16/2012,CBIP:2071-01
504539,Broad Institute,2078-01_Inhibitor_Dose_CherryPick_Activity_Set2,Inhibitors of Prion Protein 5' UTR mRNA Measured in Cell-Based System Using Plate Reader - 2078-01_Inhibitor_Dose_CherryPick_Activity_Set2,3/23/2011,CBIP:2078-01
504932,Broad Institute,2078-01_Inhibitor_Dose_DryPowder_Activity,Inhibitors of Prion Protein 5' UTR mRNA Measured in Cell-Based System Using Plate Reader - 2078-01_Inhibitor_Dose_DryPowder_Activity,7/7/2011,CBIP:2078-01
504592,Broad Institute,2078-01_Inhibitor_SinglePoint_CherryPick_Activity,Inhibitors of Prion Protein 5' UTR mRNA Measured in Cell-Based System Using Plate Reader - 2078-01_Inhibitor_SinglePoint_CherryPick_Activity,3/28/2011,CBIP:2078-01
488862,Broad Institute,2078-01_Inhibitor_SinglePoint_HTS_Activity,Inhibitors of Prion Protein 5' UTR mRNA Measured in Cell-Based System Using Plate Reader - 2078-01_Inhibitor_SinglePoint_HTS_Activity,10/21/2010,CBIP:2078-01
504545,Broad Institute,2083-01_Inhibitor_Dose_CherryPick_Activity_Set2,Development of CDK5 inhibitors Measured in Biochemical System Using Plate Reader - 2083-01_Inhibitor_Dose_CherryPick_Activity_Set2,3/23/2011,CBIP:2083-01
602284,Broad Institute,2083-01_Inhibitor_Dose_DryPowder_Activity,Development of CDK5 inhibitors Measured in Biochemical System Using Plate Reader - 2083-01_Inhibitor_Dose_DryPowder_Activity,2/29/2012,CBIP:2083-01
488839,Broad Institute,2083-01_Inhibitor_SinglePoint_HTS_Activity,Development of CDK5 inhibitors   Measured in Biochemical System Using Plate Reader - 2083-01_Inhibitor_SinglePoint_HTS_Activity,10/20/2010,CBIP:2083-01
602191,Broad Institute,2085-01_Activator_Dose_CherryPick_Activity,HTS using DiI-HDL to assay lipid transfer in ldlA[SR-BI] cells Measured in Cell-Based System Using Plate Reader - 2085-01_Activator_Dose_CherryPick_Activity,1/13/2012,CBIP:2085-01
504775,Broad Institute,2085-01_Activator_SinglePoint_HTS_Activity,HTS using DiI-HDL to assay lipid transfer in ldlA[SR-BI] cells Measured in Cell-Based System Using Plate Reader - 2085-01_Activator_SinglePoint_HTS_Activity,5/25/2011,CBIP:2085-01
493194,Broad Institute,2085-01_Inhibitor_Dose_CherryPick_Activity,HTS using DiI-HDL to assay lipid transfer in ldlA[SR-BI] cells Measured in Cell-Based System Using Plate Reader - 2085-01_Inhibitor_Dose_CherryPick_Activity,2/10/2011,CBIP:2085-01
540354,Broad Institute,2085-01_Inhibitor_Dose_DryPowder_Activity,HTS using DiI-HDL to assay lipid transfer in ldlA[SR-BI] cells Measured in Cell-Based System Using Plate Reader - 2085-01_Inhibitor_Dose_DryPowder_Activity,8/16/2011,CBIP:2085-01
624029,Broad Institute,2085-01_Inhibitor_Dose_DryPowder_Activity_Set10,HTS using DiI-HDL to assay lipid transfer in ldlA[SR-BI] cells Measured in Cell-Based System Using Plate Reader - 2085-01_Inhibitor_Dose_DryPowder_Activity_Set10,4/6/2012,CBIP:2085-01
588392,Broad Institute,2085-01_Inhibitor_Dose_DryPowder_Activity_Set2,HTS using DiI-HDL to assay lipid transfer in ldlA[SR-BI] cells Measured in Cell-Based System Using Plate Reader - 2085-01_Inhibitor_Dose_DryPowder_Activity_Set2,9/22/2011,CBIP:2085-01
588553,Broad Institute,2085-01_Inhibitor_Dose_DryPowder_Activity_Set3,HTS using DiI-HDL to assay lipid transfer in ldlA[SR-BI] cells Measured in Cell-Based System Using Plate Reader - 2085-01_Inhibitor_Dose_DryPowder_Activity_Set3,10/18/2011,CBIP:2085-01
588548,Broad Institute,2085-01_Inhibitor_Dose_DryPowder_Activity_Set4,HTS using DiI-HDL to assay lipid transfer in ldlA[SR-BI] cells Measured in Cell-Based System Using Plate Reader - 2085-01_Inhibitor_Dose_DryPowder_Activity_Set4,10/18/2011,CBIP:2085-01
588754,Broad Institute,2085-01_Inhibitor_Dose_DryPowder_Activity_Set5,HTS using DiI-HDL to assay lipid transfer in ldlA[SR-BI] cells Measured in Cell-Based System Using Plate Reader - 2085-01_Inhibitor_Dose_DryPowder_Activity_Set5,10/31/2011,CBIP:2085-01
588828,Broad Institute,2085-01_Inhibitor_Dose_DryPowder_Activity_Set6,HTS using DiI-HDL to assay lipid transfer in ldlA[SR-BI] cells Measured in Cell-Based System Using Plate Reader - 2085-01_Inhibitor_Dose_DryPowder_Activity_Set6,11/28/2011,CBIP:2085-01
588833,Broad Institute,2085-01_Inhibitor_Dose_DryPowder_Activity_Set7,HTS using DiI-HDL to assay lipid transfer in ldlA[SR-BI] cells Measured in Cell-Based System Using Plate Reader - 2085-01_Inhibitor_Dose_DryPowder_Activity_Set7,11/29/2011,CBIP:2085-01
602285,Broad Institute,2085-01_Inhibitor_Dose_DryPowder_Activity_Set8,HTS using DiI-HDL to assay lipid transfer in ldlA[SR-BI] cells Measured in Cell-Based System Using Plate Reader - 2085-01_Inhibitor_Dose_DryPowder_Activity_Set8,3/1/2012,CBIP:2085-01
623880,Broad Institute,2085-01_Inhibitor_Dose_DryPowder_Activity_Set9,HTS using DiI-HDL to assay lipid transfer in ldlA[SR-BI] cells Measured in Cell-Based System Using Plate Reader - 2085-01_Inhibitor_Dose_DryPowder_Activity_Set9,3/27/2012,CBIP:2085-01
488896,Broad Institute,2085-01_Inhibitor_SinglePoint_HTS_Activity,HTS using DiI-HDL to assay lipid transfer in ldlA[SR-BI] cells Measured in Cell-Based System Using Plate Reader - 2085-01_Inhibitor_SinglePoint_HTS_Activity,10/25/2010,CBIP:2085-01
588764,Broad Institute,2106-01_Inhibitor_Dose_CherryPick_Activity,Rtt109/Vps75 Measured in Biochemical System Using Plate Reader - 2106-01_Inhibitor_Dose_CherryPick_Activity,11/2/2011,CBIP:2106-01
540336,Broad Institute,2106-01_Inhibitor_SinglePoint_HTS_Activity,Rtt109/Vps75 Measured in Biochemical System Using Plate Reader - 2106-01_Inhibitor_SinglePoint_HTS_Activity,8/9/2011,CBIP:2106-01
624101,Broad Institute,2107-01_Inhibitor_SinglePoint_HTS_Activity,Development of  IDH1/2 inhibitors (CTD2project) Measured in Biochemical System Using Plate Reader - 2107-01_Inhibitor_SinglePoint_HTS_Activity,4/18/2012,CBIP:2107-01
652241,Broad Institute,2108-01_Inhibitor_Dose_CherryPick_Activity,Identification of VIF Inhibitors Measured in Cell-Based System Using Imaging - 2108-01_Inhibitor_Dose_CherryPick_Activity,3/30/2013,CBIP:2108-01
602346,Broad Institute,2108-01_Inhibitor_SinglePoint_HTS_Activity,Identification of VIF Inhibitors Measured in Cell-Based System Using Imaging - 2108-01_Inhibitor_SinglePoint_HTS_Activity,3/9/2012,CBIP:2108-01
504773,Broad Institute,2109-01_Inhibitor_Dose_CherryPick_Activity,Fluorescence Polarization with Cer CAL-PDZ Measured in Biochemical System Using Plate Reader - 2109-01_Inhibitor_Dose_CherryPick_Activity,5/24/2011,CBIP:2109-01
602253,Broad Institute,2109-01_Inhibitor_Dose_DryPowder_Activity,Fluorescence Polarization with Cer CAL-PDZ Measured in Biochemical System Using Plate Reader - 2109-01_Inhibitor_Dose_DryPowder_Activity,2/10/2012,CBIP:2109-01
504414,Broad Institute,2109-01_Inhibitor_SinglePoint_HTS_Activity,Fluorescence Polarization with Cer CAL-PDZ Measured in Biochemical System Using Plate Reader - 2109-01_Inhibitor_SinglePoint_HTS_Activity,3/3/2011,CBIP:2109-01
602267,Broad Institute,2109-02_Inhibitor_Dose_CherryPick_Activity,Fluorescence Polarization with CAL-PDZ Measured in Biochemical System Using Plate Reader - 2109-02_Inhibitor_Dose_CherryPick_Activity,2/17/2012,CBIP:2109-02
602254,Broad Institute,2109-02_Inhibitor_Dose_CherryPick_Activity_Set2,Fluorescence Polarization with CAL-PDZ Measured in Biochemical System Using Plate Reader - 2109-02_Inhibitor_Dose_CherryPick_Activity_Set2,2/10/2012,CBIP:2109-02
602255,Broad Institute,2109-02_Inhibitor_Dose_DryPowder_Activity,Fluorescence Polarization with CAL-PDZ Measured in Biochemical System Using Plate Reader - 2109-02_Inhibitor_Dose_DryPowder_Activity,2/10/2012,CBIP:2109-02
602252,Broad Institute,2109-02_Inhibitor_SinglePoint_HTS_Activity,Fluorescence Polarization with CAL-PDZ Measured in Biochemical System Using Plate Reader - 2109-02_Inhibitor_SinglePoint_HTS_Activity,2/10/2012,CBIP:2109-02
624405,Broad Institute,2112-01_Other_Dose_CherryPick_Activity,HTS for suppressors of simvastatin-induced mytoxicity in differentiated C2C12 cells Measured in Cell-Based System Using Plate Reader - 2112-01_Other_Dose_CherryPick_Activity,7/23/2012,CBIP:2112-01
743336,Broad Institute,2112-01_Other_Dose_DryPowder_Activity,HTS for suppressors of simvastatin-induced mytoxicity in differentiated C2C12 cells Measured in Cell-Based System Using Plate Reader - 2112-01_Other_Dose_DryPowder_Activity,3/25/2014,CBIP:2112-01
602340,Broad Institute,2112-01_Suppressor_SinglePoint_HTS_Activity,HTS for suppressors of simvastatin-induced mytoxicity in differentiated C2C12 cells Measured in Cell-Based System Using Plate Reader - 2112-01_Suppressor_SinglePoint_HTS_Activity,3/9/2012,CBIP:2112-01
504725,Broad Institute,2117-01_Inhibitor_Dose_CherryPick_Activity,C-LANA FP assay Measured in Biochemical System Using Plate Reader - 2117-01_Inhibitor_Dose_CherryPick_Activity,5/5/2011,CBIP:2117-01
588363,Broad Institute,2117-01_Inhibitor_Dose_DryPowder_Activity,C-LANA FP assay Measured in Biochemical System Using Plate Reader - 2117-01_Inhibitor_Dose_DryPowder_Activity,9/16/2011,CBIP:2117-01
504423,Broad Institute,2117-01_Inhibitor_SinglePoint_HTS_Activity,C-LANA FP assay Measured in Biochemical System Using Plate Reader - 2117-01_Inhibitor_SinglePoint_HTS_Activity,3/7/2011,CBIP:2117-01
540271,Broad Institute,2120-01_Inhibitor_Dose_CherryPick_Activity,In vivo-based yeast HTS to detect compounds rescuing yeast growth/survival of Plasmodium Falciparum HSP40-mediated toxicity Measured in Whole Organism System Using Plate Reader - 2120-01_Inhibitor_Dose_CherryPick_Activity,7/18/2011,CBIP:2120-01
504582,Broad Institute,2120-01_Inhibitor_SinglePoint_HTS_Activity,In vivo-based yeast HTS to detect compounds rescuing yeast growth/survival of Plasmodium Falciparum HSP40-mediated toxicity Measured in Whole Organism System Using Plate Reader - 2120-01_Inhibitor_SinglePoint_HTS_Activity,3/25/2011,CBIP:2120-01
588343,Broad Institute,2122-01_Inhibitor_Dose_CherryPick_Activity,Inhibitors of Epstein-Barr LMP1 inducible NF-kappaB luciferase reporter Measured in Cell-Based System Using Plate Reader - 2122-01_Inhibitor_Dose_CherryPick_Activity,9/7/2011,CBIP:2122-01
624373,Broad Institute,2122-01_Inhibitor_Dose_DryPowder_Activity,Inhibitors of Epstein-Barr LMP1 inducible NF-kappaB luciferase reporter Measured in Cell-Based System Using Plate Reader - 2122-01_Inhibitor_Dose_DryPowder_Activity,7/10/2012,CBIP:2122-01
624376,Broad Institute,2122-01_Inhibitor_Dose_DryPowder_Activity_Set2,Inhibitors of Epstein-Barr LMP1 inducible NF-kappaB luciferase reporter Measured in Cell-Based System Using Plate Reader - 2122-01_Inhibitor_Dose_DryPowder_Activity_Set2,7/10/2012,CBIP:2122-01
504558,Broad Institute,2122-01_Inhibitor_SinglePoint_HTS_Activity,Inhibitors of Epstein-Barr LMP1 inducible NF-kappaB luciferase reporter Measured in Cell-Based System Using Plate Reader - 2122-01_Inhibitor_SinglePoint_HTS_Activity,3/24/2011,CBIP:2122-01
588525,Broad Institute,2123-01_Activator_Dose_CherryPick_Activity,Inhibitors of Y. pestis Topo-I using cleavage product accumulation Measured in Biochemical System Using Plate Reader - 2123-01_Inhibitor_Dose_CherryPick_Activity,10/14/2011,CBIP:2123-01
504884,Broad Institute,2123-01_Activator_SinglePoint_HTS_Activity,Inhibitors of Y. pestis Topo-I using cleavage product accumulation Measured in Biochemical System Using Plate Reader - 2123-01_Inhibitor_SinglePoint_HTS_Activity,6/30/2011,CBIP:2123-01
588345,Broad Institute,2124-01_Inhibitor_Dose_CherryPick_Activity,MLPCN Dyrk1A Kinase Measured in Biochemical System Using Plate Reader - 2124-01_Inhibitor_Dose_CherryPick_Activity,9/7/2011,CBIP:2124-01
504441,Broad Institute,2124-01_Inhibitor_SinglePoint_HTS_Activity,Dyrk1 A HTS Measured in Biochemical System Using Plate Reader - 2124-01_Inhibitor_SinglePoint_HTS_Activity,3/10/2011,CBIP:2124-01
602243,Broad Institute,2132-01_Agonist_Dose_CherryPick_Activity,"Cholera Quorum: HTS for inducers of light production in the absence of autoinducers using BH1578 (luxS deficient, cqsA deficient) Measured in Microorganism System Using Plate Reader - 2132-01_Agonist_Dose_CherryPick_Activity",2/3/2012,CBIP:2132-01
624270,Broad Institute,2132-01_Agonist_Dose_DryPowder_Activity,"Cholera Quorum: HTS for inducers of light production in the absence of#autoinducers using BH1578 (luxS deficient, cqsA deficient) Measured in Microorganism System Using Plate Reader - 2132-01_Agonist_Dose_DryPowder_Activity",6/6/2012,CBIP:2132-01
651854,Broad Institute,2132-01_Agonist_Dose_DryPowder_Activity_Set2,"Cholera Quorum: HTS for inducers of light production in the absence of autoinducers using BH1578 (luxS deficient, cqsA deficient) Measured in Microorganism System Using Plate Reader - 2132-01_Agonist_Dose_DryPowder_Activity_Set2",12/4/2012,CBIP:2132-01
651809,Broad Institute,2132-01_Agonist_Dose_DryPowder_Activity_Set3,"Cholera Quorum: HTS for inducers of light production in the absence of autoinducers using BH1578 (luxS deficient, cqsA deficient) Measured in Microorganism System Using Plate Reader - 2132-01_Agonist_Dose_DryPowder_Activity_Set3",11/26/2012,CBIP:2132-01
651816,Broad Institute,2132-01_Agonist_Dose_DryPowder_Activity_Set4,"Cholera Quorum: HTS for inducers of light production in the absence of autoinducers using BH1578 (luxS deficient, cqsA deficient) Measured in Microorganism System Using Plate Reader - 2132-01_Agonist_Dose_DryPowder_Activity_Set4",11/27/2012,CBIP:2132-01
588436,Broad Institute,2132-01_Agonist_SinglePoint_HTS_Activity,"Cholera Quorum: HTS for inducers of light production in the absence ofautoinducers using BH1578 (luxS deficient, cqsA deficient) Measured in Microorganism System Using Plate Reader - 2132-01_Agonist_SinglePoint_HTS_Activity",10/4/2011,CBIP:2132-01
652239,Broad Institute,2132-01_Inhibitor_Dose_DryPowder_Activity,"Cholera Quorum: HTS for inducers of light production in the absence of autoinducers using BH1578 (luxS deficient, cqsA deficient) Measured in Microorganism System Using Plate Reader - 2132-01_Inhibitor_Dose_DryPowder_Activity",3/29/2013,CBIP:2132-01
686929,Broad Institute,2132-01_Inhibitor_Dose_DryPowder_Activity_Set2,"Cholera Quorum: HTS for inducers of light production in the absence of autoinducers using BH1578 (luxS deficient, cqsA deficient) Measured in Microorganism System Using Plate Reader - 2132-01_Inhibitor_Dose_DryPowder_Activity_Set2",4/10/2013,CBIP:2132-01
602350,Broad Institute,2137-01_Inhibitor_Dose_CherryPick_Activity,Turbidometric Biochemical  Primary HTS  to identify inhibitors of Protein Disulfide Isomerase Measured in Biochemical System Using Plate Reader - 2137-01_Inhibitor_Dose_CherryPick_Activity,3/9/2012,CBIP:2137-01
624274,Broad Institute,2137-01_Inhibitor_Dose_CherryPick_Activity_Set2,Turbidometric Biochemical  Primary HTS  to identify inhibitors of Protein Disulfide Isomerase Measured in Biochemical System Using Plate Reader - 2137-01_Inhibitor_Dose_CherryPick_Activity_Set2,6/6/2012,CBIP:2137-01
624310,Broad Institute,2137-01_Inhibitor_Dose_DryPowder_Activity,Turbidometric Biochemical  Primary HTS  to identify inhibitors of Protein Disulfide Isomerase Measured in Biochemical System Using Plate Reader - 2137-01_Inhibitor_Dose_DryPowder_Activity,6/20/2012,CBIP:2137-01
652146,Broad Institute,2137-01_Inhibitor_Dose_DryPowder_Activity_Set2,Turbidometric Biochemical Primary HTS to identify inhibitors of Protein Disulfide Isomerase Measured in Biochemical System Using Plate Reader - 2137-01_Inhibitor_Dose_DryPowder_Activity_Set2,3/20/2013,CBIP:2137-01
652199,Broad Institute,2137-01_Inhibitor_Dose_DryPowder_Activity_Set3,Turbidometric Biochemical Primary HTS to identify inhibitors of Protein Disulfide Isomerase Measured in Biochemical System Using Plate Reader - 2137-01_Inhibitor_Dose_DryPowder_Activity_Set3,3/27/2013,CBIP:2137-01
588391,Broad Institute,2137-01_Inhibitor_SinglePoint_HTS_Activity,Turbidometric Biochemical  Primary HTS  to identify inhibitors of Protein Disulfide Isomerase Measured in Biochemical System Using Plate Reader - 2137-01_Inhibitor_SinglePoint_HTS_Activity,9/21/2011,CBIP:2137-01
720513,Broad Institute,2139-01_Activator_Dose_CherryPick_Activity_Set6,MLPCN PGC1a Modulators Measured in Cell-Based System Using Plate Reader - 2139-01_Activator_Dose_CherryPick_Activity_Set6,7/16/2013,CBIP:2139-01
651723,Broad Institute,2139-01_Activator_SinglePoint_HTS_Activity,MLPCN PGC1a Modulators Measured in Cell-Based System Using Plate Reader - 2139-01_Activator_SinglePoint_HTS_Activity,10/28/2012,CBIP:2139-01
720514,Broad Institute,2139-01_Inhibitor_Dose_CherryPick_Activity,MLPCN PGC1a Modulators Measured in Cell-Based System Using Plate Reader - 2139-01_Inhibitor_Dose_CherryPick_Activity,7/16/2013,CBIP:2139-01
651687,Broad Institute,2139-01_Inhibitor_SinglePoint_HTS_Activity,MLPCN PGC1a Modulators Measured in Cell-Based System Using Plate Reader - 2139-01_Inhibitor_SinglePoint_HTS_Activity,10/23/2012,CBIP:2139-01
651717,Broad Institute,2141-01_Inhibitor_Dose_CherryPick_Activity,Screen for inhibitors of the SWI/SNF chromatin remodeling complex (esBAF) in mouse embryonic stem cells with Luciferase reporter assay Measured in Cell-Based System Using Plate Reader - 2141-01_Inhibitor_Dose_CherryPick_Activity,10/26/2012,CBIP:2141-01
602393,Broad Institute,2141-01_Inhibitor_SinglePoint_HTS_Activity,Screen for inhibitors of the SWI/SNF chromatin remodeling complex (esBAF) in mouse embryonic stem cells with Luciferase reporter assay Measured in Cell-Based System Using Plate Reader - 2141-01_Inhibitor_SinglePoint_HTS_Activity,3/14/2012,CBIP:2141-01
651956,Broad Institute,2144-01_Activator_Dose_CherryPick_Activity,Small molecule inhibitors of miR122  Measured in Cell-Based System Using Plate Reader - 2144-01_Activator_Dose_CherryPick_Activity,12/26/2012,CBIP:2144-01
743399,Broad Institute,2144-01_Activator_Dose_DryPowder_Activity,Small molecule inhibitors of miR122  Measured in Cell-Based System Using Plate Reader - 2144-01_Activator_Dose_DryPowder_Activity,4/9/2014,CBIP:2144-01
623901,Broad Institute,2144-01_Activator_SinglePoint_HTS_Activity,Small molecule inhibitors of miR122  Measured in Cell-Based System Using Plate Reader - 2144-01_Activator_SinglePoint_HTS_Activity,3/28/2012,CBIP:2144-01
652053,Broad Institute,2144-01_Inhibitor_Dose_CherryPick_Activity,Small molecule inhibitors of miR122  Measured in Cell-Based System Using Plate Reader - 2144-01_Inhibitor_Dose_CherryPick_Activity,2/21/2013,CBIP:2144-01
687040,Broad Institute,2144-01_Inhibitor_Dose_DryPowder_Activity,Small molecule inhibitors of miR122  Measured in Cell-Based System Using Plate Reader - 2144-01_Inhibitor_Dose_DryPowder_Activity,6/26/2013,CBIP:2144-01
602342,Broad Institute,2144-01_Inhibitor_SinglePoint_HTS_Activity,Small molecule inhibitors of miR122  Measured in Cell-Based System Using Plate Reader - 2144-01_Inhibitor_SinglePoint_HTS_Activity,3/9/2012,CBIP:2144-01
624491,Broad Institute,2146-01_Inhibitor_Dose_CherryPick_Activity,Luciferase Reporter Cell Based HTS to identify inhibitors of N-linked Glycosylation Measured in Cell-Based System Using Plate Reader - 2146-01_Inhibitor_Dose_CherryPick_Activity,8/16/2012,CBIP:2146-01
652059,Broad Institute,2146-01_Inhibitor_Dose_DryPowder_Activity_Set5,Luciferase Reporter Cell Based HTS to identify inhibitors of N-linked Glycosylation Measured in Cell-Based System Using Plate Reader - 2146-01_Inhibitor_Dose_DryPowder_Activity_Set5,2/22/2013,CBIP:2146-01
1053121,Broad Institute,2146-01_Inhibitor_Dose_DryPowder_Activity_Set6,Luciferase Reporter Cell Based HTS to identify inhibitors of N-linked Glycosylation Measured in Cell-Based System Using Plate Reader - 2146-01_Inhibitor_Dose_DryPowder_Activity_Set6,5/20/2014,CBIP:2146-01
588692,Broad Institute,2146-01_Inhibitor_SinglePoint_HTS_Activity,Luciferase Reporter Cell Based HTS to identify inhibitors of N-linked Glycosylation Measured in Cell-Based System Using Plate Reader - 2146-01_Inhibitor_SinglePoint_HTS_Activity_Set2,10/26/2011,CBIP:2146-01
624273,Broad Institute,2147-01_Inhibitor_Dose_CherryPick_Activity,Fluorescence polarization aasay to screen for inhibitors that compete for the binding of FadD28 to a bisubstrate Measured in Biochemical System Using Plate Reader - 2147-01_Inhibitor_Dose_CherryPick_Activity,6/6/2012,CBIP:2147-01
588549,Broad Institute,2147-01_Inhibitor_SinglePoint_HTS_Activity,Fluorescence polarization to screen for inhibitor that competite the binding of FadD28 to bisubstrate Measured in Biochemical System Using Plate Reader - 2147-01_Inhibitor_SinglePoint_HTS_Activity,10/18/2011,CBIP:2147-01
687031,Broad Institute,2149-01_Inhibitor_Dose_CherryPick_Activity,DENV2 CPE-Based HTS Measured in Cell-Based and Microorganism Combination System Using Plate Reader - 2149-01_Inhibitor_Dose_CherryPick_Activity,6/15/2013,CBIP:2149-01
651640,Broad Institute,2149-01_Other_SinglePoint_HTS_Activity,DENV2 CPE-Based HTS Measured in Cell-Based and Microorganism Combination System Using Plate Reader - 2149-01_Other_SinglePoint_HTS_Activity,10/12/2012,CBIP:2149-01
977605,Broad Institute,2152-01_Activator_Dose_CherryPick_Activity,Identification of agents that induce E-selectin on human endothelial cells Measured in Cell-Based System Using Imaging - 2152-01_Activator_Dose_CherryPick_Activity,5/5/2014,CBIP:2152-01
686992,Broad Institute,2152-01_Activator_SinglePoint_HTS_Activity,Identification of agents that induce E-selectin on human endothelial cells Measured in Cell-Based System Using Imaging - 2152-01_Activator_SinglePoint_HTS_Activity,5/21/2013,CBIP:2152-01
602363,Broad Institute,2155-01_Modulator_SinglePoint_HTS_Activity,Whole cell Yeast HTS to identify compounds modulating the fidelity of the start codon recognition in eukaryotes. Measured in Whole Organism System Using Plate Reader - 2155-01_Other_SinglePoint_HTS_Activity,3/12/2012,CBIP:2155-01
652061,Broad Institute,2155-01_Other_Dose_CherryPick_Activity_Set2,Whole cell Yeast HTS to identify compounds modulating the fidelity of the start codon recognition in eukaryotes. Measured in Whole Organism System Using Plate Reader - 2155-01_Other_Dose_CherryPick_Activity_Set2,2/25/2013,CBIP:2155-01
651703,Broad Institute,2158-01_Inhibitor_Dose_CherryPick_Activity,ARNT-TAC3: AlphaScreen HTS to detect disruption of ARNT/TAC3 interactions Measured in Biochemical System Using Plate Reader - 2158-01_Inhibitor_Dose_CherryPick_Activity,10/26/2012,CBIP:2158-01
720563,Broad Institute,2158-01_Inhibitor_Dose_DryPowder_Activity,ARNT-TAC3: AlphaScreen HTS to detect disruption of ARNT/TAC3 interactions Measured in Biochemical System Using Plate Reader - 2158-01_Inhibitor_Dose_DryPowder_Activity,7/31/2013,CBIP:2158-01
623870,Broad Institute,2158-01_Inhibitor_SinglePoint_HTS_Activity,ARNT-TAC3: AlphaScreen HTS to detect disruption of ARNT/TAC3 interactions Measured in Biochemical System Using Plate Reader - 2158-01_Inhibitor_SinglePoint_HTS_Activity,3/27/2012,CBIP:2158-01
651657,Broad Institute,2159-01_Inhibitor_Dose_CherryPick_Activity,Identification of Inhibitors of RAD54 Measured in Biochemical System Using Plate Reader - 2159-01_Inhibitor_Dose_CherryPick_Activity,10/19/2012,CBIP:2159-01
602329,Broad Institute,2159-01_Inhibitor_SinglePoint_HTS_Activity,Identification of inhibitors of RAD54 Measured in Biochemical System Using Plate Reader - 2159-01_Inhibitor_SinglePoint_HTS_Activity,3/8/2012,CBIP:2159-01
720495,Broad Institute,2160-01_Inhibitor_Dose_CherryPick_Activity,Inhibition of the MLL-AF4-AF9 Interaction in Pediatric Leukemia Measured in Biochemical System Using Plate Reader - 2160-01_Inhibitor_Dose_CherryPick_Activity,7/9/2013,CBIP:2160-01
651704,Broad Institute,2160-01_Inhibitor_SinglePoint_HTS_Activity,Inhibition of the MLL-AF4-AF9 Interaction in Pediatric Leukemia Measured in Biochemical System Using Plate Reader - 2160-01_Inhibitor_SinglePoint_HTS_Activity,10/26/2012,CBIP:2160-01
1053144,Broad Institute,2161-01_Activator_Dose_CherryPick_Activity,Wnt/Beta-catenin HTS Measured in Cell-Based System Using Plate Reader - 2161-01_Activator_Dose_CherryPick_Activity,6/5/2014,CBIP:2161-01
743398,Broad Institute,2161-01_Activator_SinglePoint_HTS_Activity,Wnt/Beta-catenin HTS Measured in Cell-Based System Using Plate Reader - 2161-01_Activator_SinglePoint_HTS_Activity,4/8/2014,CBIP:2161-01
687000,Broad Institute,2162-01_Inhibitor_Dose_CherryPick_Activity,HTS for the detection of C. neoformans cell lysis via adenylate kinase (AK) release Measured in Microorganism System Using Plate Reader - 2162-01_Inhibitor_Dose_CherryPick_Activity,5/23/2013,CBIP:2162-01
743159,Broad Institute,2162-01_Inhibitor_Dose_DryPowder_Activity,HTS for the detection of C. neoformans cell lysis via adenylate kinase (AK) release Measured in Microorganism System Using Plate Reader - 2162-01_Inhibitor_Dose_DryPowder_Activity,12/4/2013,CBIP:2162-01
743303,Broad Institute,2162-01_Inhibitor_Dose_DryPowder_Activity_Set2,HTS for the detection of C. neoformans cell lysis via adenylate kinase (AK) release Measured in Microorganism System Using Plate Reader - 2162-01_Inhibitor_Dose_DryPowder_Activity_Set2,3/10/2014,CBIP:2162-01
743302,Broad Institute,2162-01_Inhibitor_Dose_DryPowder_Activity_Set3,HTS for the detection of C. neoformans cell lysis via adenylate kinase (AK) release Measured in Microorganism System Using Plate Reader - 2162-01_Inhibitor_Dose_DryPowder_Activity_Set3,3/10/2014,CBIP:2162-01
651654,Broad Institute,2162-01_Inhibitor_SinglePoint_HTS_Activity,HTS for the detection of C. neoformans cell lysis via adenylate kinase (AK) release Measured in Microorganism System Using Plate Reader - 2162-01_Inhibitor_SinglePoint_HTS_Activity,10/19/2012,CBIP:2162-01
602481,Broad Institute,2163-01_Inhibitor_SinglePoint_HTS_Activity,Mycobacterium tuberculosis BioA enzyme inhibitor Measured in Biochemical System Using Plate Reader - 2163-01_Inhibitor_SinglePoint_HTS_Activity,3/24/2012,CBIP:2163-01
624110,Broad Institute,2164-01_Inhibitor_Dose_CherryPick_Activity,PgID: DNTB colorimetric HTS to detect inhibitor of PgID Measured in Biochemical System Using Plate Reader - 2164-01_Inhibitor_Dose_CherryPick_Activity,4/24/2012,CBIP:2164-01
624257,Broad Institute,2164-01_Inhibitor_Dose_CherryPick_Activity_Set2,PgID: DNTB colorimetric HTS to detect inhibitor of PgID Measured in Biochemical System Using Plate Reader - 2164-01_Inhibitor_Dose_CherryPick_Activity_Set2,6/4/2012,CBIP:2164-01
624403,Broad Institute,2164-01_Inhibitor_Dose_DryPowder_Activity,PgID: DNTB colorimetric HTS to detect inhibitor of PgID Measured in Biochemical System Using Plate Reader - 2164-01_Inhibitor_Dose_DryPowder_Activity,7/23/2012,CBIP:2164-01
652127,Broad Institute,2164-01_Inhibitor_Dose_DryPowder_Activity_Set2,PgID: DNTB colorimetric HTS to detect inhibitor of PgID Measured in Biochemical System Using Plate Reader - 2164-01_Inhibitor_Dose_DryPowder_Activity_Set2,3/15/2013,CBIP:2164-01
686993,Broad Institute,2164-01_Inhibitor_Dose_DryPowder_Activity_Set4,PgID: DNTB colorimetric HTS to detect inhibitor of PgID Measured in Biochemical System Using Plate Reader - 2164-01_Inhibitor_Dose_DryPowder_Activity_Set4,5/21/2013,CBIP:2164-01
743125,Broad Institute,2164-01_Inhibitor_Dose_DryPowder_Activity_Set5,PgID: DNTB colorimetric HTS to detect inhibitor of PgID Measured in Biochemical System Using Plate Reader - 2164-01_Inhibitor_Dose_DryPowder_Activity_Set5,11/25/2013,CBIP:2164-01
743156,Broad Institute,2164-01_Inhibitor_SinglePoint_CherryPick_Activity,PgID: DNTB colorimetric HTS to detect inhibitor of PgID Measured in Biochemical System Using Plate Reader - 2164-01_Inhibitor_SinglePoint_CherryPick_Activity,12/4/2013,CBIP:2164-01
602405,Broad Institute,2164-01_Inhibitor_SinglePoint_HTS_Activity,PgID: DNTB colorimetric HTS to detect inhibitor of PgID Measured in Biochemical System Using Plate Reader - 2164-01_Inhibitor_SinglePoint_HTS_Activity,3/15/2012,CBIP:2164-01
720566,Broad Institute,7002-01_Inhibitor_Dose_CherryPick_Activity,Turbidometric Biochemical  Primary HTS  to identify inhibitors of ERp5 Measured in Biochemical System Using Plate Reader - 7002-01_Inhibitor_Dose_CherryPick_Activity,8/6/2013,CBIP:7002-01
651711,Broad Institute,7002-01_Inhibitor_SinglePoint_HTS_Activity,Turbidometric Biochemical  Primary HTS  to identify inhibitors of ERp5 Measured in Biochemical System Using Plate Reader - 7002-01_Inhibitor_SinglePoint_HTS_Activity,10/26/2012,CBIP:7002-01
743342,Broad Institute,7011-01_Antagonist_Dose_CherryPick_Activity,Bursicon-induced LGR2 mediated cAMP production in LGR-2/CRE6x-Luciferase co-transfected HEK293 cells Inhibition Measured in Cell-Based System Using Plate Reader - 7011-01_Antagonist_Dose_CherryPick_Activity,3/27/2014,CBIP:7011-01
743343,Broad Institute,7011-01_Antagonist_Dose_CherryPick_Activity_Set2,Bursicon-induced LGR2 mediated cAMP production in LGR-2/CRE6x-Luciferase co-transfected HEK293 cells Inhibition Measured in Cell-Based System Using Plate Reader - 7011-01_Antagonist_Dose_CherryPick_Activity_Set2,3/27/2014,CBIP:7011-01
977612,Broad Institute,7011-01_Antagonist_Dose_DryPowder_Activity,Bursicon-induced LGR2 mediated cAMP production in LGR-2/CRE6x-Luciferase co-transfected HEK293 cells Inhibition Measured in Cell-Based System Using Plate Reader - 7011-01_Antagonist_Dose_DryPowder_Activity,5/6/2014,CBIP:7011-01
687022,Broad Institute,7012-01_Inhibitor_Dose_CherryPick_Activity,Small Molecule Inhibitors of FGF22-Mediated Excitatory Synaptogenesis & Epilepsy Measured in Biochemical System Using RT-PCR - 7012-01_Inhibitor_Dose_CherryPick_Activity,6/6/2013,CBIP:7012-01
743116,Broad Institute,7012-01_Inhibitor_Dose_DryPowder_Activity,Small Molecule Inhibitors of FGF22-Mediated Excitatory Synaptogenesis & Epilepsy Measured in Biochemical System Using RT-PCR - 7012-01_Inhibitor_Dose_DryPowder_Activity,11/22/2013,CBIP:7012-01
651658,Broad Institute,7012-01_Inhibitor_SinglePoint_HTS_Activity,Small Molecule Inhibitors of FGF22-Mediated Excitatory Synaptogenesis & Epilepsy Measured in Biochemical System Using RT-PCR - 7012-01_Inhibitor_SinglePoint_HTS_Activity,10/19/2012,CBIP:7012-01
652057,Broad Institute,7013-01_Inhibitor_Dose_CherryPick_Activity,HIV entry: Env-mediated Cell Fusion Measured in Cell-Based System Using Plate Reader - 7013-01_Inhibitor_Dose_CherryPick_Activity,2/22/2013,CBIP:7013-01
687023,Broad Institute,7013-01_Inhibitor_Dose_DryPowder_Activity,HIV entry: Env-mediated Cell Fusion Measured in Cell-Based System Using Plate Reader - 7013-01_Inhibitor_Dose_DryPowder_Activity,6/6/2013,CBIP:7013-01
651610,Broad Institute,7013-01_Inhibitor_SinglePoint_HTS_Activity,HIV entry: Env-mediated Cell Fusion Measured in Cell-Based System Using Plate Reader - 7013-01_Inhibitor_SinglePoint_HTS_Activity,10/2/2012,CBIP:7013-01
743394,Broad Institute,7015-01_Activator_Dose_CherryPick_Activity,High Content Cell-Based Imaging Primary HTS to Identify Small Molecules Involved in X-Chromosome Reactivation and Reprogramming Measured in Cell-Based System Using Imaging - 7015-01_Activator_Dose_CherryPick_Activity,4/8/2014,CBIP:7015-01
743238,Broad Institute,7015-01_Activator_SinglePoint_HTS_Activity_Set2,High Content Cell-Based Imaging Primary HTS to Identify Small Molecules Involved in X-Chromosome Reactivation and Reprogramming Measured in Cell-Based System Using Imaging - 7015-01_Activator_SinglePoint_HTS_Activity_Set2,12/20/2013,CBIP:7015-01
743317,Broad Institute,7016-01_Inhibitor_Dose_CherryPick_Activity,MLPCN ERAP1 Measured in Biochemical System Using Plate Reader - 7016-01_Inhibitor_Dose_CherryPick_Activity,3/17/2014,CBIP:7016-01
743314,Broad Institute,7016-01_Inhibitor_Dose_CherryPick_Activity_Set2,MLPCN ERAP1 Measured in Biochemical System Using Plate Reader - 7016-01_Inhibitor_Dose_CherryPick_Activity_Set2,3/17/2014,CBIP:7016-01
1117292,Broad Institute,7016-01_Inhibitor_Dose_DryPowder_Activity,MLPCN ERAP1 Measured in Biochemical System Using Plate Reader - 7016-01_Inhibitor_Dose_DryPowder_Activity,11/26/2014,CBIP:7016-01
1117287,Broad Institute,7016-01_Inhibitor_Dose_DryPowder_Activity_Set2,MLPCN ERAP1 Measured in Biochemical System Using Plate Reader - 7016-01_Inhibitor_Dose_DryPowder_Activity_Set2,11/25/2014,CBIP:7016-01
652197,Broad Institute,7016-01_Inhibitor_SinglePoint_HTS_Activity,MLPCN ERAP1 Measured in Biochemical System Using Plate Reader - 7016-01_Inhibitor_SinglePoint_HTS_Activity,3/27/2013,CBIP:7016-01
743267,Broad Institute,7017-01_Other_Dose_CherryPick_Activity,Identification of Small Molecule Correctors of the Cystic Fibrosis Transmembrane Conductance Regulator (CFTR) Delta508 Mutation Function in Human Bronchial Epithelial Cells. Measured in Cell-Based System Using Plate Reader - 7017-01_Other_Dose_CherryPick_Activity,1/30/2014,CBIP:7017-01
720511,Broad Institute,7017-01_Other_SinglePoint_HTS_Activity,Identification of Small Molecule Correctors of the Cystic Fibrosis Transmembrane Conductance Regulator (CFTR) Delta508 Mutation Function in Human Bronchial Epithelial Cells. Measured in Cell-Based System Using Plate Reader - 7017-01_Other_SinglePoint_HTS_Activity,7/16/2013,CBIP:7017-01
720591,Broad Institute,7044-01_Inhibitor_Dose_CherryPick_Activity_Set5,MLPCN SirT-5 Measured in Biochemical System Using Imaging - 7044-01_Inhibitor_Dose_CherryPick_Activity_Set5,8/27/2013,CBIP:7044-01
720597,Broad Institute,7044-01_Inhibitor_Dose_CherryPick_Activity_Set6,MLPCN SirT-5 Measured in Biochemical System Using Imaging - 7044-01_Inhibitor_Dose_CherryPick_Activity_Set6,9/3/2013,CBIP:7044-01
652115,Broad Institute,7044-01_Inhibitor_SinglePoint_HTS_Activity_Set5,MLPCN SirT-5 Measured in Biochemical System Using Imaging - 7044-01_Inhibitor_SinglePoint_HTS_Activity_Set5,3/15/2013,CBIP:7044-01
687001,Broad Institute,7045-01_Inhibitor_Dose_CherryPick_Activity,S100A4: HTS Measured in Biochemical System Using Plate Reader - 7045-01_Inhibitor_Dose_CherryPick_Activity,5/23/2013,CBIP:7045-01
652163,Broad Institute,7045-01_Inhibitor_SinglePoint_HTS_Activity,S100A4: HTS Measured in Biochemical System Using Plate Reader - 7045-01_Inhibitor_SinglePoint_HTS_Activity,3/22/2013,CBIP:7045-01
720632,Broad Institute,7052-01_Inhibitor_Dose_CherryPick_Activity,VEID(2) R110 Enzymatic Primary HTS to identify Inhibitors of Caspase 6 Measured in Biochemical System Using Plate Reader - 7052-01_Inhibitor_Dose_CherryPick_Activity,9/7/2013,CBIP:7052-01
743332,Broad Institute,7052-01_Inhibitor_Dose_DryPowder_Activity,VEID(2) R110 Enzymatic Primary HTS to identify Inhibitors of Caspase 6 Measured in Biochemical System Using Plate Reader - 7052-01_Inhibitor_Dose_DryPowder_Activity,3/25/2014,CBIP:7052-01
686996,Broad Institute,7052-01_Inhibitor_SinglePoint_HTS_Activity_Set2,VEID(2) R110 Enzymatic Primary HTS to identify Inhibitors of Caspase 6 Measured in Biochemical System Using Plate Reader - 7052-01_Inhibitor_SinglePoint_HTS_Activity_Set2,5/23/2013,CBIP:7052-01
1053173,Broad Institute,7053-01_Inhibitor_Dose_CherryPick_Activity,"Development of Small Molecule Probes of the Histone Methyltransferase, NSD2 Measured in Biochemical System Using Plate Reader - 7053-01_Inhibitor_Dose_CherryPick_Activity",6/23/2014,CBIP:7053-01
743445,Broad Institute,7053-01_Inhibitor_SinglePoint_HTS_Activity_Set2,"Development of Small Molecule Probes of the Histone Methyltransferase, NSD2 Measured in Biochemical System Using Plate Reader - 7053-01_Inhibitor_SinglePoint_HTS_Activity_Set2",4/10/2014,CBIP:7053-01
977607,Broad Institute,7055-01_Activator_Dose_CherryPick_Activity_Set2,Luminescent GLuc Reporter Gene Assay Primary HTS to Identify Small Molecule Activator of Glucose Dependent Insulin Secretion Measured in Cell-Based System Using Plate Reader - 7055-01_Activator_Dose_CherryPick_Activity_Set2,5/5/2014,CBIP:7055-01
743287,Broad Institute,7055-01_Activator_SinglePoint_HTS_Activity,Luminescent GLuc Reporter Gene Assay Primary HTS to Identify Small Molecule Activator of Glucose Dependent Insulin Secretion Measured in Cell-Based System Using Plate Reader - 7055-01_Activator_SinglePoint_HTS_Activity,2/24/2014,CBIP:7055-01
1035475,Broad Institute,7059-01_Inhibitor_Dose_CherryPick_Activity,Inhibition of Alexa 488-Fibronectin deposition #on AH1F cell monolayers Measured in Cell-Based System Using Plate Reader - 7059-01_Inhibitor_Dose_CherryPick_Activity,5/8/2014,CBIP:7059-01
1117283,Broad Institute,7059-01_Inhibitor_Dose_CherryPick_Activity_Set2,Inhibition of Alexa 488-Fibronectin deposition #on AH1F cell monolayers Measured in Cell-Based System Using Plate Reader - 7059-01_Inhibitor_Dose_CherryPick_Activity_Set2,10/17/2014,CBIP:7059-01
743247,Broad Institute,7059-01_Inhibitor_SinglePoint_HTS_Activity,Inhibition of Alexa 488-Fibronectin deposition #on AH1F cell monolayers Measured in Cell-Based System Using Plate Reader - 7059-01_Inhibitor_SinglePoint_HTS_Activity,1/8/2014,CBIP:7059-01
720512,Broad Institute,7074-01_Inhibitor_Dose_CherryPick_Activity,C. difficile toxins: HTS for inhibitors of TcdB glycohydrolase activity Measured in Biochemical System Using Plate Reader - 7074-01_Inhibitor_Dose_CherryPick_Activity,7/16/2013,CBIP:7074-01
652162,Broad Institute,7074-01_Inhibitor_SinglePoint_HTS_Activity,C. difficile toxins: HTS for inhibitors of TcdB glycohydrolase activity Measured in Biochemical System Using Plate Reader - 7074-01_Inhibitor_SinglePoint_HTS_Activity,3/22/2013,CBIP:7074-01
1053205,Broad Institute,7081-01_Inhibitor_Dose_CherryPick_Activity,HTS for Inhibition of CaV1.3 ICDI/IQ interaction using a live-cell FRET assay Measured in Cell-Based System Using Plate Reader - 7081-01_Inhibitor_Dose_CherryPick_Activity,8/6/2014,CBIP:7081-01
743397,Broad Institute,7081-01_Inhibitor_SinglePoint_HTS_Activity,HTS for Inhibition of CaV1.3 ICDI/IQ interaction using a live-cell FRET assay Measured in Cell-Based System Using Plate Reader - 7081-01_Inhibitor_SinglePoint_HTS_Activity,4/8/2014,CBIP:7081-01
